time,signal_1,signal_2
0.640804,553797.0,557788.0
1.826919,560956.0,559243.0
3.036453,558229.0,557918.0
4.214697,559624.0,557946.0
5.40279,560934.0,558402.0
6.584812,560971.0,560595.0
7.813731,557555.0,560714.0
9.000641,557421.0,560383.0
10.175412,559256.0,563333.0
11.355525,560174.0,563497.0
12.563466,563258.0,561261.0
13.749995,556626.0,562971.0
14.935743,561184.0,557801.0
16.09281,555928.0,555551.0
17.295068,562607.0,559333.0
18.512144,558110.0,556618.0
19.727063,561253.0,563212.0
20.891264,558508.0,559734.0
22.08215,561633.0,560328.0
23.263007,562393.0,560669.0
24.436216,561279.0,559511.0
25.590559,561176.0,560980.0
26.797675,562607.0,561311.0
27.977836,564526.0,560523.0
29.204592,563944.0,564865.0
30.374396,562085.0,561067.0
31.561717,559970.0,561287.0
32.728897,560317.0,558136.0
33.928504,557153.0,557844.0
35.148105,561670.0,556501.0
36.308319,563955.0,558407.0
37.475901,561562.0,555650.0
38.668398,556940.0,556015.0
39.837867,558477.0,559448.0
41.016664,561416.0,555514.0
42.171031,559044.0,558300.0
43.386141,557681.0,560573.0
44.596077,561074.0,559444.0
45.817728,560482.0,558728.0
46.983039,559669.0,558482.0
48.147443,558239.0,556805.0
49.326861,558659.0,558512.0
50.494961,562480.0,558054.0
51.685371,558430.0,556309.0
52.871105,557210.0,557738.0
54.06196,557727.0,559036.0
55.241598,557627.0,556942.0
56.373884,559338.0,559405.0
57.552961,560591.0,559769.0
58.757815,556996.0,557000.0
59.958505,555446.0,558241.0
61.113354,560953.0,556470.0
62.291006,560075.0,557338.0
63.494781,562478.0,558694.0
64.6769,559362.0,556417.0
65.854267,559984.0,555594.0
67.00623,560481.0,557865.0
68.223328,561212.0,557690.0
69.42895,561999.0,562185.0
70.593037,561078.0,560353.0
71.726776,559113.0,561220.0
72.878863,563258.0,559164.0
74.045204,559134.0,561734.0
75.235213,562558.0,560216.0
76.395582,561107.0,563954.0
77.560872,560695.0,564872.0
78.748718,565732.0,562364.0
79.956861,561187.0,561280.0
81.119258,562403.0,562844.0
82.304943,562392.0,563916.0
83.482832,562837.0,561746.0
84.674231,561087.0,563856.0
85.860483,561183.0,564579.0
87.010627,562510.0,563615.0
88.158465,561442.0,563143.0
89.329253,565165.0,562089.0
90.498049,563417.0,564297.0
91.662309,563634.0,563344.0
92.874476,568103.0,562753.0
94.071813,564608.0,566999.0
95.261663,565282.0,566085.0
96.403431,565088.0,564361.0
97.582819,564098.0,563435.0
98.761659,567618.0,563387.0
99.92172,565937.0,567825.0
101.106029,563907.0,563859.0
102.28467,564629.0,564646.0
103.450396,565108.0,564362.0
104.627256,566171.0,567049.0
105.80038,567527.0,567696.0
106.967856,568588.0,566611.0
108.114874,568808.0,564093.0
109.281039,568211.0,567797.0
110.480927,568119.0,567047.0
111.651844,567739.0,564420.0
112.789061,568947.0,569900.0
113.919841,567979.0,570427.0
115.083388,569814.0,570560.0
116.287262,569321.0,568352.0
117.447103,570229.0,569587.0
118.588293,566406.0,569402.0
119.750879,569721.0,570529.0
120.918782,570007.0,571647.0
122.080898,572947.0,569848.0
123.249919,567653.0,569493.0
124.419701,571085.0,570534.0
125.559389,571907.0,574946.0
126.730573,570699.0,567848.0
127.916891,571081.0,571936.0
129.096055,573209.0,569842.0
130.287049,571963.0,572726.0
131.454857,572820.0,572594.0
132.623604,574772.0,571629.0
133.825796,575239.0,572994.0
135.003425,572959.0,573455.0
136.170217,576079.0,575103.0
137.363384,574593.0,573792.0
138.504932,576674.0,574226.0
139.669647,574466.0,575405.0
140.802533,578292.0,575812.0
141.949061,575507.0,575157.0
143.142592,576062.0,574624.0
144.302405,579510.0,578660.0
145.4701,581172.0,580013.0
146.655296,579565.0,581128.0
147.816562,579905.0,579602.0
148.984227,577422.0,578730.0
150.125126,581527.0,581230.0
151.280505,580388.0,581372.0
152.427939,584913.0,580183.0
153.599348,584630.0,580647.0
154.75091,583859.0,586419.0
155.903962,585412.0,583185.0
157.067252,585941.0,587060.0
158.256787,585400.0,587224.0
159.423751,587286.0,590265.0
160.592796,590017.0,588407.0
161.752882,590416.0,592117.0
162.838937,590639.0,590637.0
163.898341,592637.0,592743.0
164.952014,595761.0,591766.0
166.004188,594008.0,593046.0
167.054816,595362.0,595183.0
168.124685,598006.0,593792.0
169.180673,599007.0,595583.0
170.233116,598831.0,599608.0
171.290019,599966.0,599602.0
172.346784,599439.0,596901.0
173.402657,603065.0,598699.0
174.46119,600210.0,600500.0
175.519189,599937.0,598402.0
176.588599,602452.0,597694.0
177.659556,600367.0,601961.0
178.715418,598417.0,601025.0
179.787764,598952.0,595368.0
180.842456,602650.0,600171.0
181.896718,604150.0,596563.0
182.960995,601938.0,598204.0
184.03157,594606.0,597245.0
185.103142,599412.0,600186.0
186.166651,602678.0,597648.0
187.220136,597847.0,602293.0
188.272937,595533.0,599310.0
189.335774,599312.0,599670.0
190.393584,596043.0,599054.0
191.470769,599663.0,602853.0
192.54812,597148.0,601391.0
193.766896,601812.0,595399.0
194.95456,599472.0,601100.0
196.131391,599401.0,595860.0
197.327178,599761.0,602655.0
198.48644,598741.0,599566.0
199.651109,600261.0,598679.0
200.824413,600810.0,601299.0
202.012561,596846.0,601552.0
203.231045,602449.0,596780.0
204.396777,597897.0,598360.0
205.574832,598452.0,600737.0
206.742641,599193.0,597145.0
207.935554,600486.0,600456.0
209.129504,599440.0,602235.0
210.315276,603171.0,599012.0
211.499442,600608.0,600414.0
212.679683,603321.0,598022.0
213.863667,598740.0,603040.0
215.034663,602303.0,596969.0
216.210338,598298.0,602966.0
217.392083,603114.0,600622.0
218.568897,599399.0,597118.0
219.736185,600605.0,600137.0
220.88976,601173.0,600473.0
222.088985,598095.0,598991.0
223.240647,599978.0,597751.0
224.406197,601410.0,600436.0
225.572438,599335.0,598225.0
226.72151,598475.0,597311.0
227.860545,600431.0,598940.0
229.040851,601396.0,603786.0
230.230945,599831.0,600292.0
231.399195,604207.0,600121.0
232.601057,602686.0,599371.0
233.779421,597125.0,605723.0
234.937144,603119.0,601387.0
236.103634,601664.0,601415.0
237.264802,596835.0,599888.0
238.433927,599466.0,597594.0
239.641154,597629.0,601684.0
240.831727,597889.0,597982.0
241.99231,599848.0,602236.0
243.187812,596722.0,598891.0
244.38119,599600.0,602123.0
245.552746,598989.0,600649.0
246.754974,599734.0,603404.0
247.912754,602855.0,599661.0
249.114179,600998.0,600498.0
250.306727,600121.0,600960.0
251.469239,597627.0,595870.0
252.669201,599321.0,604397.0
253.859453,599752.0,600988.0
255.024549,598414.0,598291.0
256.205287,600113.0,599820.0
257.39404,599684.0,598757.0
258.576234,601535.0,599670.0
259.772768,598842.0,598599.0
260.928496,599907.0,602243.0
262.112674,601439.0,600098.0
263.274847,598056.0,602215.0
264.482716,598233.0,603284.0
265.666071,602470.0,598858.0
266.851975,599922.0,599891.0
268.045942,600956.0,601390.0
269.180685,600428.0,600076.0
270.33238,603199.0,600022.0
271.500446,601177.0,601496.0
272.697886,598113.0,601903.0
273.909156,596528.0,602926.0
275.067399,600618.0,599082.0
276.247108,597472.0,597343.0
277.41114,600161.0,599360.0
278.581754,596922.0,600471.0
